{"coeffs":{"0":[-58.5793715856,175.4804749835,-179.6485059044,54.3539815351],"1":[-2.1841444826,18.8255480892,-64.7705060354,112.6023450783,-100.2750059438,27.3997450485],"2":[0.0108097342,0.9168824426,-11.5567769094]},"xmax":{"0":10.0,"1":200.0,"2":100000.0},"xmin":{"0":5.0,"1":10.0,"2":200.0}}